{
  "bpm": 135.99917763157896,
  "key": "A minor",
  "mfcc_mean": [
    -314.3017578125,
    145.62245178222656,
    64.9151840209961,
    35.19215393066406,
    23.35516357421875,
    8.68204116821289,
    4.258418083190918,
    3.4638795852661133,
    -3.7790048122406006,
    -5.562458038330078,
    0.44097691774368286,
    -1.4869407415390015,
    -9.420336723327637,
    -6.795862674713135,
    -2.564227819442749,
    -8.174734115600586,
    -13.355710983276367,
    -8.905241012573242,
    -3.4297142028808594,
    -4.665310859680176
  ],
  "mfcc_std": [
    40.414398193359375,
    30.080595016479492,
    16.57121467590332,
    13.19182014465332,
    10.65489387512207,
    10.369196891784668,
    8.93075942993164,
    8.818130493164062,
    9.148587226867676,
    8.455157279968262,
    8.36375617980957,
    8.917224884033203,
    9.542479515075684,
    9.314640998840332,
    9.827247619628906,
    11.030435562133789,
    10.460220336914062,
    10.633152961730957,
    10.673340797424316,
    10.702668190002441
  ],
  "spectral_centroid_mean": 426.6280485799945,
  "spectral_centroid_std": 217.13025975294465,
  "spectral_bandwidth_mean": 822.5045677442421,
  "spectral_bandwidth_std": 335.3436594242022,
  "chroma_mean": [
    0.27183085680007935,
    0.19979561865329742,
    0.21041905879974365,
    0.2055080235004425,
    0.2596646547317505,
    0.2779289186000824,
    0.22091978788375854,
    0.2721378207206726,
    0.3648892641067505,
    0.48760220408439636,
    0.4288736879825592,
    0.342913419008255
  ],
  "rms_mean": 0.17470668256282806,
  "duration_sec": 338.62426303854875
}