{
  "bpm": 151.99908088235293,
  "key": "G major",
  "mfcc_mean": [
    -152.6937713623047,
    113.33405303955078,
    26.409194946289062,
    32.441261291503906,
    2.509593963623047,
    5.908317565917969,
    1.093340277671814,
    6.352370262145996,
    -7.755381107330322,
    4.645541667938232,
    -0.4258739650249481,
    7.260411739349365,
    0.015744872391223907,
    4.796903133392334,
    -0.6768949031829834,
    2.365234851837158,
    -2.4590632915496826,
    -0.33708539605140686,
    -2.010436534881592,
    5.365185260772705
  ],
  "mfcc_std": [
    76.67704772949219,
    23.221101760864258,
    16.95661163330078,
    12.226156234741211,
    8.70278549194336,
    9.172545433044434,
    7.171800136566162,
    7.244503974914551,
    6.8967413902282715,
    6.650930881500244,
    6.992117881774902,
    7.1399126052856445,
    7.19673490524292,
    7.682142734527588,
    7.885214328765869,
    6.736509799957275,
    6.528754234313965,
    7.042764663696289,
    7.359670639038086,
    7.050457954406738
  ],
  "spectral_centroid_mean": 1537.9034817234603,
  "spectral_centroid_std": 422.89960256548494,
  "spectral_bandwidth_mean": 2276.6833822164044,
  "spectral_bandwidth_std": 354.05747341020367,
  "chroma_mean": [
    0.4216771721839905,
    0.29933300614356995,
    0.348500519990921,
    0.2750525176525116,
    0.312478244304657,
    0.2685876488685608,
    0.28749653697013855,
    0.36355894804000854,
    0.2689163386821747,
    0.2976631820201874,
    0.2958920896053314,
    0.3781416714191437
  ],
  "rms_mean": 0.14066514372825623,
  "duration_sec": 225.75428571428571
}